{
    "name": "statblockimporter",
    "title": "Stackblock Importer",
    "description": "A module to convert raw PF 1 Statblocks to Actors",
    "version": "2.0.17",
    "author": "Lavaeolous",
    "systems": ["pf1"],
    "esmodules": ["./scripts/sbc.js"],
    "styles": ["./styles/sbc.css"],
    "templates": ["./templates/sbcModal.html", "./templates/sbcPreview"],
    "packs": [],
    "url": "https://github.com/Lavaeolous/PF1-StatBlock-Converter-Module",
    "manifest": "https://raw.githubusercontent.com/Lavaeolous/PF1-StatBlock-Converter-Module/master/statblock-converter/module.json",
    "download": "https://raw.githubusercontent.com/Lavaeolous/PF1-StatBlock-Converter-Module/master/statblock-converter/releases/2.0.17_statblock-converter.zip",
    "minimumCoreVersion": "0.7.7",
    "compatibleCoreVersion": "0.7.8"
}