{
    "name": "pf1-statblock-converter",
    "title": "sbc | PF1 Stackblock Converter",
    "description": "Convert Pathfinder 1. Edition Statblocks into working NPC or PC Actors",
    "version": "3.2.0",
    "author": "Lavaeolous",
    "systems": ["pf1"],
    "esmodules": ["./scripts/sbc.js"],
    "styles": ["./styles/sbc.css"],
    "templates": ["./templates/sbcModal.html", "./templates/sbcPreview"],
    "packs": [],
    "url": "https://github.com/Lavaeolous/PF1-StatBlock-Converter-Module",
    "manifest": "https://github.com/Lavaeolous/PF1-StatBlock-Converter-Module/releases/latest/download/module.json",
    "download": "https://github.com/Lavaeolous/PF1-StatBlock-Converter-Module/releases/latest/download/3.2.0_statblock-converter.zip",
    "minimumCoreVersion": "0.7.8",
    "compatibleCoreVersion": "0.7.9"
}
