{
    "name": "statblockimporter",
    "title": "Stackblock Importer",
    "description": "A module to convert raw Statblocks to Actors",
    "version": "0.1",
    "author": "Lavaeolous",
    "systems": ["pf1"],
    "scripts": ["./scripts/readInput.js"],
    "styles": [],
    "packs": [],
    "manifest": "https://raw.githubusercontent.com/Lavaeolous/PF1-StatBlock-Converter-Module/master/statblock-converter/module.json",
    "download": "https://raw.githubusercontent.com/Lavaeolous/PF1-StatBlock-Converter-Module/master/statblock-converter/statblock-converter.zip",
    "minimumCoreVersion": "0.6.1",
    "compatibleCoreVersion": "0.6.2"
}