{
  "name": "pf1-statblock-converter",
  "title": "sbc | PF1 Stackblock Converter",
  "description": "Convert Pathfinder 1. Edition Statblocks into working NPC or PC Actors",
  "author": "Lavaeolous",
  "authors": [
    {
      "name": "Lavaeolous"
    },
    {
      "name": "Noon"
    },
    {
      "name": "mkahvi"
    }
  ],
  
  "url": "https://github.com/Lavaeolous/PF1-StatBlock-Converter-Module",
  "bugs": "https://github.com/Lavaeolous/PF1-StatBlock-Converter-Module/issues",
  "flags": {},
  "version": "3.3.5",
  "minimumCoreVersion": "9",
  "compatibleCoreVersion": "9",
  "scripts": [],
  "esmodules": [
    "./scripts/sbc.js"
  ],
  "styles": [
    "./styles/sbc.css"
  ],
  "languages": [],
  "packs": [],
  "system": [
    "pf1"
  ],
  "dependencies": [],
  "socket": false,
  "manifest": "https://github.com/Lavaeolous/PF1-StatBlock-Converter-Module/releases/download/v3.3.5/module.json",
  "download": "https://github.com/Lavaeolous/PF1-StatBlock-Converter-Module/releases/download/v3.3.5/3.3.5_statblock-converter.zip",
  "protected": false,
  "coreTranslation": false,
  "library": false
}