{
  "id": "pf1-statblock-converter",
  "title": "sbc | PF1 Stackblock Converter",
  "description": "Converts Pathfinder 1. Edition statblocks into working PC or NPC actors.",
  "authors": [
    {
      "name": "Lavaeolous",
      "discord": "Primer#2220"
    }
  ],
  "url": "https://github.com/Lavaeolous/PF1-StatBlock-Converter-Module",
  "bugs": "https://github.com/Lavaeolous/PF1-StatBlock-Converter-Module/issues",
  "manifest": "https://github.com/Lavaeolous/PF1-StatBlock-Converter-Module/releases/latest/download/module.json",
  "download": "https://github.com/Lavaeolous/PF1-StatBlock-Converter-Module/releases/download/v4.0.2/4.0.2_pf1-statblock-converter.zip",
  "version": "4.0.2",
  "compatibility": {
    "minimum": "10",
    "verified": "10.288",
    "maximum": "10"
  },
  "esmodules": [
    "./scripts/sbc.js"
  ],
  "styles": [
    "./styles/sbc.css"
  ],
  "relationships": {
    "systems": [{
      "id": "pf1",
      "type": "system",
      "manifest": "https://gitlab.com/foundryvtt_pathfinder1e/foundryvtt-pathfinder1/-/releases/permalink/latest/downloads/system.json",
      "compatibility": {
        "minimum": "0.82.2",
        "verified": "0.82.2"
      }
    }]
  },
  "socket": false,  
  "protected": false,
  "coreTranslation": false,
  "library": false
}